Altium Designer Pick and Place Locations
C:\Users\Lenovo\Dropbox\Arduino_PCB\USB_C_Power_Supply\Project Outputs for Rev1\Pick Place for PCB_Rev1.csv

========================================================================================================================
File Design Information:

Date:       28-07-21
Time:       09:36
Revision:   Not in VersionControl
Variant:    No variations
Units used: mm

"Designator","Comment","Layer","Footprint","Center-X(mm)","Center-Y(mm)","Rotation","Description","Manufacturer","Part_Footprint","Value","Vendor","Part_Number"
"U6","INA199B3","TopLayer","SOT65P210X110-6N","31.7513","11.1012","180","IC OPAMP CURR SENSE 14KHZ SC70-6","Texas Instruments","SC-70-6","INA199B3DCKR","Digi-Key","C2653842"
"R26","0.02","TopLayer","RESC3116X60L","28.5763","11.4082","270","RES 0.02R 1206","Uni-Royal","1206","0.02R","LCSC","C247540"
"C20","0.1uF","TopLayer","CAPC1005X56N","31.6933","12.9042","180","CAP 0.1uF 16V 0402","Murata","0402","0.1uF","LCSC","C126523"
"C19","0.1uF","TopLayer","CAPC1005X56N","48.4723","16.6462","90","CAP 0.1uF 16V 0402","Murata","0402","0.1uF","LCSC","C126523"
"L1","6.8uH","TopLayer","INDUCTOR,_4mmX4mm","10.7963","10.9992","0","INDUCTOR 6.8uH 20% 4mmx4mm","PROD TECH","4mmx4mm","6.8uH","LCSC","C436648"
"D5","MBR0530T1G","TopLayer","SOD123","6.4008","12.0650","180","DIODE SCHOTTKY 30V 500MA SOD-123","Micro","SOD-123","MBR0530T1G","LCSC","C82046"
"C13","0.1uF, 50V","TopLayer","CAPC1608X09L","9.9921","13.7912","0","CAP 0.1uF 50V 0603","Murata","0603","0.1uF, 50V","LCSC","C77055"
"S3","Navigation Switch","TopLayer","NAVIGATION_-_DX","55.3621","15.7111","0","DX_Navigation Switch","TBD","","TBD","LCSC","TBD"
"R25","10K","TopLayer","RESC1005X40L_(0402_FOOTPRINT)","19.2523","3.2167","90","RES 10K 0402","Guangdong","0402","10K","LCSC","C258091"
"U5","RT9069-50GB","TopLayer","SOT95P280X144-5N","16.1963","17.1522","270","IC LDO 5V 28V 0200mA SOT23-5","Richtek","SOT23-5","RT9069-50GB","Digi-Key","RT9069-50GB"
"C10","1uF, 50V","TopLayer","CAPC1608X09L","18.6760","16.6465","90","CAP 1uF 50V 0603","Yageo","0603","1uF, 50V","LCSC","C559769"
"A1","Antenna_Chip","TopLayer","AN9520-245","46.5603","2.0627","270","Antenna Chip 2.4Gig","Rainsun","","Chip Antenna","LCSC","C99665"
"U4","CP2104N","TopLayer","24-QFN","12.4173","5.0812","0","IC BRIDGE USB TO UART 24QFN","Silicon Labs","24QFN","CP2104N","LCSC","C47742"
"Q3","BC847S","TopLayer","SOT65P210X110-6N","16.8823","3.0667","0","TRANS 2NPN 44V 0.1A SC-70-6","Changjiang","SC-70-6","BC847S","LCSC","C148112"
"C18","0.1uF","TopLayer","CAPC1005X56N","45.8003","5.2377","0","CAP 0.1uF 16V 0402","Murata","0402","0.1uF","LCSC","C126523"
"C17","1.5pF","TopLayer","CAPC1005X56N","41.2915","4.4683","0","CAP 1.5pF 50V 0402","Dafron","0402","1.5pF","LCSC","C147344"
"R24","100K","TopLayer","RESC1005X40L_(0402_FOOTPRINT)","49.6283","19.1197","90","RES 100K 0402","Uniroyal Elec","0402","100K","LCSC","C25741"
"J2","SCREW TERM","TopLayer","282837-2","31.0797","4.5097","90","TERM,SCREW,2POS,RoHS","TE","","","Digi-Key","282837-2"
"R23","2K","TopLayer","RESC1005X40L","46.7261","22.4421","0","RES 2K 0402","LIZ Elec","0402","2K","LCSC","C100291"
"D7","Red Led","TopLayer","LED1608X55N-RED","49.0121","22.4421","180","LED Red 0603","Lite-On","0603","Red Led","LCSC","C94869"
"D6","Green Led","TopLayer","LED1608X55N-GREEN","49.0121","24.4741","180","LED Green 0603","Lite-On","0603","Green Led","LCSC","C125094"
"U3","LMR16006YQ3","TopLayer","SOT95P280X130-6N","10.5423","16.2061","180","IC REG BUCK 3.3V 0.6A SOT23-6","Texas Instruments","SOT23-6","LMR16006YQ3","LCSC","C2070613"
"R22","10K","TopLayer","RESC1005X40L","16.2823","4.7327","180","RES 10K 0402","Guangdong","0402","10K","LCSC","C258091"
"R16","22R","TopLayer","RESC1005X40L","12.0551","20.4101","0","RES 22R 0402","Panasonic","0402","22R","LCSC","C413049"
"R15","10K","TopLayer","RESC1005X40L","45.8503","6.2537","180","RES 10K 0402","Guangdong","0402","10K","LCSC","C258091"
"R14","10K","TopLayer","RESC1005X40L","58.4451","21.6931","90","RES 10K 0402","Guangdong","0402","10K","LCSC","C258091"
"R13","10K","TopLayer","RESC1005X40L","60.0961","21.6931","90","RES 10K 0402","Guangdong","0402","10K","LCSC","C258091"
"R12","10K","TopLayer","RESC1005X40L","50.3581","7.4673","270","RES 10K 0402","Guangdong","0402","10K","LCSC","C258091"
"R11","10K","TopLayer","RESC1005X40L","51.8821","7.4673","270","RES 10K 0402","Guangdong","0402","10K","LCSC","C258091"
"R10","10K","TopLayer","RESC1005X40L","53.4061","7.4673","270","RES 10K 0402","Guangdong","0402","10K","LCSC","C258091"
"R2","4.7K","TopLayer","RESC1005X40L","46.7261","24.4741","0","RES 4.7K 0402","Panasonic","0402","4.7K","LCSC","C427244"
"C11","1uF","TopLayer","CAPC1005X56N","11.6491","1.9113","180","CAP 1uF 16v 0402","Murata","0402","1uF","LCSC","C77007"
"C9","1uF, 50V","TopLayer","CAPC1608X09L","13.7544","16.6465","90","CAP 1uF 50V 0603","Yageo","0603","1uF, 50V","LCSC","C559769"
"C8","100uF","TopLayer","CAPC3216X160L","43.1913","5.7427","270","CAP 100uF 6.3V 1206","Taiyo Yuden","1206","100uF","LCSC","C87164"
"C7","100uF","TopLayer","CAPC3216X160L","39.1273","5.7427","270","CAP 100uF 6.3V 1206","Taiyo Yuden","1206","100uF","LCSC","C87164"
"C6","0.1uF","TopLayer","CAPC1005X56N","41.6709","5.8763","270","CAP 0.1uF 16V 0402","Murata","0402","0.1uF","LCSC","C126523"
"X2","TFT 0.96 Inch","TopLayer","TFT_GLASS_0.96_INCH","27.7751","26.1251","90","0.96 INCH TFT GLASS COLOR","BuyDisplay","","TFT 0.96 Inch","BuyDisplay","ER-TFT0.96-1"
"U2","ESP32-PICO-D4","TopLayer","QFN48_NEWEST_0.5mm_pitch","43.1713","11.5507","90","WIFI/Bluetooth, QFN-48 7x7","Espressif","QFN48","ESP32-PICO-D4","LCSC","C193707"
"U1","STUSB4500QTR","TopLayer","24-QFN","20.4371","9.4881","0","IC USB-C CONTROLLER 24QFN","ST Micro","24QFN","STUSB4500QTR","LCSC","C2678061"
"S2","Pushbutton","TopLayer","TL1015AF160QG","55.2351","23.4581","0","Switch SMD,3x4x2.5mm","Xunpu","SMD","Pushbutton","LCSC","C455281"
"R21","10K","TopLayer","RESC1005X40L","17.4823","1.4007","0","RES 10K 0402","Guangdong","0402","10K","LCSC","C258091"
"R20","22R","TopLayer","RESC1005X40L","12.0551","21.4261","0","RES 22R 0402","Panasonic","0402","22R","LCSC","C413049"
"R19","10K","TopLayer","RESC1005X40L","32.9491","17.1311","270","RES 10K 0402","Guangdong","0402","10K","LCSC","C258091"
"R18","1K","TopLayer","RESC1005X40L","31.6791","17.1311","90","RES 1K 0402","Yageo","0402","1K","LCSC","C106235"
"R17","22R","TopLayer","RESC1005X40L","37.7715","17.4693","90","RES 22R 0402","Panasonic","0402","22R","LCSC","C413049"
"R9","2K","TopLayer","RESC1005X40L","35.3913","11.2512","90","RES 2K 0402","LIZ Elec","0402","2K","LCSC","C100291"
"R8","2K","TopLayer","RESC1005X40L","34.3753","11.2512","90","RES 2K 0402","LIZ Elec","0402","2K","LCSC","C100291"
"R7","10K","TopLayer","RESC1005X40L","51.5871","23.9791","90","RES 10K 0402","Guangdong","0402","10K","LCSC","C258091"
"R6","1K","TopLayer","RESC1005X40L","22.3496","13.6511","90","RES 1K 0402","Yageo","0402","1K","LCSC","C106235"
"R5","1K","TopLayer","RESC1005X40L","25.1473","10.2452","270","RES 1K 0402","Yageo","0402","1K","LCSC","C106235"
"R4","22K","TopLayer","RESC1005X40L","23.6233","11.6262","90","RES 22K 0402","LIZ Elec","0402","22K","LCSC","C100310"
"R3","100","TopLayer","RESC1005X40L","25.1473","12.6582","90","RES 100 0402","Panasonic","0402","100","LCSC","C413063"
"R1","100K","TopLayer","RESC1005X40L","23.6233","13.6582","270","RES 100K 0402","Uniroyal Elec","0402","100K","LCSC","C25741"
"Q2","MMBT3904-TP","TopLayer","SOT95P240X110-3N","35.2961","16.9811","0","TRANSISTOR NPN SOT23","Micro Commercial","SOT23","MMBT3904-TP","LCSC","C668969"
"Q1","STL6P3LLH6","TopLayer","8-PowerVDFN","26.5503","15.2612","0","MOSFET P-CH 30V 6A 8-PowerVDFN","ST MICRO","8-PowerVDFN","STL6P3LLH6","Digi-Key","STL6P3LLH6"
"J1","USB-C Connector","TopLayer","TYPE-C-31-M-12","4.3351","21.2991","270","CONN RECPT USB-C","KHE","SMT","USB-C","LCSC","C165948"
"D4","ESDA25P35","TopLayer","2-UDFN_(1610)","12.1821","22.5691","0","DIODE TVS 22V 41V 400W 2-UDFN","ST MICRO","2-UDFN","ESDA25P35","LCSC","C1974707"
"D3","ESDA25P35","TopLayer","2-UDFN_(1610)","12.1821","19.0131","0","DIODE TVS 22V 41V 400W 2-UDFN","ST MICRO","2-UDFN","ESDA25P35","LCSC","C1974707"
"D2","ESDA25P35","TopLayer","2-UDFN_(1610)","26.6773","18.0552","180","DIODE TVS 22V 41V 400W 2-UDFN","ST MICRO","2-UDFN","ESDA25P35","LCSC","C1974707"
"D1","ESDA25P35","TopLayer","2-UDFN_(1610)","16.2771","13.7921","90","DIODE TVS 22V 41V 400W 2-UDFN","ST MICRO","2-UDFN","ESDA25P35","LCSC","C1974707"
"C16","0.1uF","TopLayer","CAPC1005X56N","20.0730","17.7965","270","CAP 0.1uF 16V 0402","Murata","0402","0.1uF","LCSC","C126523"
"C15","10uF","TopLayer","CAPC2012X140N","21.8510","17.5425","270","CAP 10uF 16V 0805","Samsung","0805","10uF","LCSC","C307520"
"C14","4.7uF 50V","TopLayer","CAPC2012X140N","13.9700","13.6510","90","CAP 4.7uF 50V 0805","Murata","0805","4.7uF, 50V","LCSC","C162320"
"C12","4.7uF 50V","TopLayer","CAPC2012X140N","5.5230","14.8590","180","CAP 4.7uF 50V 0805","Murata","0805","4.7uF, 50V","LCSC","C162320"
"C5","1uF","TopLayer","CAPC1005X56N","19.6826","13.6011","270","CAP 1uF 16V 0402","Murata","0402","1uF","LCSC","C77007"
"C4","0.1uF, 50V","TopLayer","CAPC1608X09L","26.4013","11.4582","270","CAP 0.1uF 50V 0603","Murata","0603","0.1uF, 50V","LCSC","C77055"
"C3","1uF, 50V","TopLayer","CAPC1608X09L","18.3896","13.4254","90","CAP 1uF 50V 0603","Yageo","0603","1uF, 50V","LCSC","C559769"
"C2","4.7uF 50V","TopLayer","CAPC2012X140N","12.0650","25.7190","90","CAP 4.7uF 50V 0805","Murata","0805","4.7uF, 50V","LCSC","C162320"
"C1","1uF","TopLayer","CAPC1005X56N","21.2066","13.5901","270","CAP 1uF 16v 0402","Murata","0402","1uF","LCSC","C77007"
